Picture1.png-1.png;1INCH.png
Picture1.png-2.png;AAVE.png
Picture1.png-3.png;ABBC.png
Picture1.png-4.png;ACH.png
Picture1.png-5.png;ADA.png
Picture1.png-6.png;AKT.png
Picture1.png-7.png;ALGO.png
Picture1.png-8.png;ALPHA.png
Picture1.png-9.png;AMP.png
Picture1.png-10.png;AMPL.png
Picture1.png-11.png;ANC.png
Picture1.png-12.png;ANKR.png
Picture1.png-13.png;ANT.png
Picture1.png-14.png;AR.png
Picture1.png-15.png;ARDR.png
Picture1.png-16.png;ARK.png
Picture1.png-17.png;ARRR.png
Picture1.png-18.png;ATOM.png
Picture1.png-19.png;AUDIO.png
Picture1.png-20.png;AVA.png
Picture1.png-21.png;AVAX.png
Picture1.png-22.png;AXS.png
Picture1.png-23.png;BADGER.png
Picture1.png-24.png;BAKE.png
Picture1.png-25.png;BAL.png
Picture1.png-26.png;BAND.png
Picture1.png-27.png;BAT.png
Picture1.png-28.png;BCD.png
Picture1.png-29.png;BCH.png
Picture1.png-30.png;BEST.png
Picture1.png-31.png;BNB.png
Picture1.png-32.png;BNT.png
Picture1.png-33.png;BSV.png
Picture1.png-34.png;BTC.png
Picture1.png-35.png;BTG.png
Picture1.png-36.png;BTM.png
Picture1.png-37.png;BTS.png
Picture1.png-38.png;BTT.png
Picture1.png-39.png;BUSD.png
Picture1.png-40.png;BZRX.png
Picture1.png-41.png;CAKE.png
Picture1.png-42.png;CEL.png
Picture1.png-43.png;CELO.png
Picture1.png-44.png;CELR.png
Picture1.png-45.png;CHR.png
Picture1.png-46.png;CHZ.png
Picture1.png-47.png;CKB.png
Picture1.png-48.png;COMP.png
Picture1.png-49.png;COTI.png
Picture1.png-50.png;CRO.png
Picture1.png-51.png;CRV.png
Picture1.png-52.png;CTC.png
Picture1.png-53.png;CTSI.png
Picture1.png-54.png;CVC.png
Picture1.png-55.png;DAG.png
Picture1.png-56.png;DAI.png
Picture1.png-57.png;DASH.png
Picture1.png-58.png;DATA.png
Picture1.png-59.png;DCR.png
Picture1.png-60.png;DEGO.png
Picture1.png-61.png;DENT.png
Picture1.png-62.png;DF.png
Picture1.png-63.png;DFI.png
Picture1.png-64.png;DGB.png
Picture1.png-65.png;DIA.png
Picture1.png-66.png;DKA.png
Picture1.png-67.png;DOCK.png
Picture1.png-68.png;DODO.png
Picture1.png-69.png;DOGE.png
Picture1.png-70.png;DOT.png
Picture1.png-71.png;EGLD.png
Picture1.png-72.png;ELF.png
Picture1.png-73.png;ENJ.png
Picture1.png-74.png;EOS.png
Picture1.png-75.png;ERG.png
Picture1.png-76.png;ETC.png
Picture1.png-77.png;ETH.png
Picture1.png-78.png;ETN.png
Picture1.png-79.png;EWT.png
Picture1.png-80.png;FET.png
Picture1.png-81.png;FIL.png
Picture1.png-82.png;FIO.png
Picture1.png-83.png;FLOW.png
Picture1.png-84.png;FRONT.png
Picture1.png-85.png;FTM.png
Picture1.png-86.png;FTT.png
Picture1.png-87.png;FUN.png
Picture1.png-88.png;GLM.png
Picture1.png-89.png;GRT.png
Picture1.png-90.png;GT.png
Picture1.png-91.png;GTO.png
Picture1.png-92.png;GUSD.png
Picture1.png-93.png;HARD.png
Picture1.png-94.png;HBAR.png
Picture1.png-95.png;HEDG.png
Picture1.png-96.png;HEX.png
Picture1.png-97.png;HIVE.png
Picture1.png-98.png;HNS.png
Picture1.png-99.png;HNT.png
Picture1.png-100.png;HOT.png
Picture1.png-101.png;HT.png
Picture1.png-102.png;HUSD.png
Picture1.png-103.png;HXRO.png
Picture1.png-104.png;ICP.png
Picture1.png-105.png;ICX.png
Picture1.png-106.png;INJ.png
Picture1.png-107.png;IOST.png
Picture1.png-108.png;IOTX.png
Picture1.png-109.png;IQ.png
Picture1.png-110.png;JST.png
Picture1.png-111.png;KAVA.png
Picture1.png-112.png;KCS.png
Picture1.png-113.png;KEEP.png
Picture1.png-114.png;KEY.png
Picture1.png-115.png;KLAY.png
Picture1.png-116.png;KMD.png
Picture1.png-117.png;KNC.png
Picture1.png-118.png;KOK.png
Picture1.png-119.png;KSM.png
Picture1.png-120.png;LEO.png
Picture1.png-121.png;LINK.png
Picture1.png-122.png;LRC.png
Picture1.png-123.png;LSK.png
Picture1.png-124.png;LTC.png
Picture1.png-125.png;LUNA.png
Picture1.png-126.png;MAID.png
Picture1.png-127.png;MANA.png
Picture1.png-128.png;MATH.png
Picture1.png-129.png;MATIC.png
Picture1.png-130.png;MBOX.png
Picture1.png-131.png;MCO.png
Picture1.png-132.png;MIOTA.png
Picture1.png-133.png;MIR.png
Picture1.png-134.png;MKR.png
Picture1.png-135.png;MLN.png
Picture1.png-136.png;MTL.png
Picture1.png-137.png;MXC.png
Picture1.png-138.png;NANO.png
Picture1.png-139.png;NEAR.png
Picture1.png-140.png;NEO.png
Picture1.png-141.png;NEXO.png
Picture1.png-142.png;NKN.png
Picture1.png-143.png;NMR.png
Picture1.png-144.png;NOIA.png
Picture1.png-145.png;NULS.png
Picture1.png-146.png;NXM.png
Picture1.png-147.png;OCEAN.png
Picture1.png-148.png;OGN.png
Picture1.png-149.png;OKB.png
Picture1.png-150.png;OMG.png
Picture1.png-151.png;OMI.png
Picture1.png-152.png;ONE.png
Picture1.png-153.png;ONT.png
Picture1.png-154.png;ORBS.png
Picture1.png-155.png;ORN.png
Picture1.png-156.png;OXT.png
Picture1.png-157.png;PAX.png
Picture1.png-158.png;PAXG.png
Picture1.png-159.png;PERP.png
Picture1.png-160.png;PHA.png
Picture1.png-161.png;PLA.png
Picture1.png-162.png;POWR.png
Picture1.png-163.png;PROM.png
Picture1.png-164.png;QNT.png
Picture1.png-165.png;QTUM.png
Picture1.png-166.png;RAD.png
Picture1.png-167.png;RARI.png
Picture1.png-168.png;REEF.png
Picture1.png-169.png;REN.png
Picture1.png-170.png;REP.png
Picture1.png-171.png;REQ.png
Picture1.png-172.png;REV.png
Picture1.png-173.png;RIF.png
Picture1.png-174.png;RLC.png
Picture1.png-175.png;RLY.png
Picture1.png-176.png;ROSE.png
Picture1.png-177.png;RPL.png
Picture1.png-178.png;RSR.png
Picture1.png-179.png;RUNE.png
Picture1.png-180.png;RVN.png
Picture1.png-181.png;SAFEMOON.png
Picture1.png-182.png;SAND.png
Picture1.png-183.png;SC.png
Picture1.png-184.png;SHIB.png
Picture1.png-185.png;SKL.png
Picture1.png-186.png;SLP.png
Picture1.png-187.png;SNT.png
Picture1.png-188.png;SNX.png
Picture1.png-189.png;SOC.png
Picture1.png-190.png;SOL.png
Picture1.png-191.png;SRM.png
Picture1.png-192.png;STEEM.png
Picture1.png-193.png;STMX.png
Picture1.png-194.png;STORJ.png
Picture1.png-195.png;STRAX.png
Picture1.png-196.png;STX.png
Picture1.png-197.png;SUN.png
Picture1.png-198.png;SUSD.png
Picture1.png-199.png;SUSHI.png
Picture1.png-200.png;SXP.png
Picture1.png-201.png;TEL.png
Picture1.png-202.png;TFUEL.png
Picture1.png-203.png;THETA.png
Picture1.png-204.png;TITAN.png
Picture1.png-205.png;TKO.png
Picture1.png-206.png;TOMO.png
Picture1.png-207.png;TRB.png
Picture1.png-208.png;TRIBE.png
Picture1.png-209.png;TRX.png
Picture1.png-210.png;TTT.png
Picture1.png-211.png;TUSD.png
Picture1.png-212.png;TWT.png
Picture1.png-213.png;UMA.png
Picture1.png-214.png;UNI.png
Picture1.png-215.png;UOS.png
Picture1.png-216.png;UQC.png
Picture1.png-217.png;USDC.png
Picture1.png-218.png;USDK.png
Picture1.png-219.png;USDN.png
Picture1.png-220.png;UST.png
Picture1.png-221.png;UTK.png
Picture1.png-222.png;VET.png
Picture1.png-223.png;VRA.png
Picture1.png-224.png;VTHO.png
Picture1.png-225.png;WAN.png
Picture1.png-226.png;WAVES.png
Picture1.png-227.png;WAXP.png
Picture1.png-228.png;WBTC.png
Picture1.png-229.png;WIN.png
Picture1.png-230.png;WRX.png
Picture1.png-231.png;XCH.png
Picture1.png-232.png;XDC.png
Picture1.png-233.png;XEM.png
Picture1.png-234.png;XLM.png
Picture1.png-235.png;XMR.png
Picture1.png-236.png;XRP.png
Picture1.png-237.png;XTZ.png
Picture1.png-238.png;XVG.png
Picture1.png-239.png;XVS.png
Picture1.png-240.png;XWC.png
Picture1.png-241.png;YFI.png
Picture1.png-242.png;YFII.png
Picture1.png-243.png;ZB.png
Picture1.png-244.png;ZEC.png
Picture1.png-245.png;ZEN.png
Picture1.png-246.png;ZIL.png
Picture1.png-247.png;ZRX.png